<?xml version="1.0" encoding="UTF-8"?>
<MF0 version="1.1" packageUris="http://schema.mathworks.com/mf0/ci/19700101 http://schema.mathworks.com/mf0/sl_modelref_info/R2024a http://schema.mathworks.com/mf0/slexec_mm_sto/R2024a_202305081229 http://schema.mathworks.com/mf0/sltp_mm/R2023a_202209151115">
  <ModelRefInfoRepo.ModelRefInfoRoot type="ModelRefInfoRepo.ModelRefInfoRoot" uuid="b159d651-0bda-4f02-a23f-d110648e776d">
    <childModelRefInfo type="ModelRefInfoRepo.ChildModelRefInfo" uuid="117a39f2-b924-4c15-8baa-0e8ffff53709">
      <modelName>RADAR_ROS_Message_One_Time_Run_24a</modelName>
      <modelPath>RADAR_ROS_Message_One_Time_Run_24a</modelPath>
    </childModelRefInfo>
    <compiledTFinal>inf</compiledTFinal>
    <dataDictionarySet>ros2lib.sldd</dataDictionarySet>
    <dataSourceInfo type="ModelRefInfoRepo.DataSourceInfo" uuid="6cfd7020-b071-4760-ab9d-f36da6194c33">
      <dataSources type="ModelRefInfoRepo.SourceInfo" uuid="9bbc9f05-e2de-436b-a31e-c84758b044d7">
        <includeAllSections>true</includeAllSections>
        <sourceName>ros2lib.sldd</sourceName>
        <type>DataDictionary</type>
      </dataSources>
      <dataSources type="ModelRefInfoRepo.SourceInfo" uuid="dd8a0233-b15c-4fd6-a00d-38242fc68bc6">
        <includeAllSections>true</includeAllSections>
        <sourceName>base workspace</sourceName>
        <type>BaseWorkspace</type>
      </dataSources>
      <modelName>RADAR_ROS_Message_One_Time_Run_24a</modelName>
    </dataSourceInfo>
    <dataTransferInfos>AAFJTQAAAAAOAAAAOAAAAAYAAAAIAAAAAgAAAAAAAAAFAAAACAAAAAAAAAABAAAAAQAAAAAAAAAFAAQAAQAAAAEAAAAAAAAA</dataTransferInfos>
    <fastestNoncontSigFeedingDerivPorts>-1.0</fastestNoncontSigFeedingDerivPorts>
    <fundamentalSampleTimePeriod>.1</fundamentalSampleTimePeriod>
    <globalVariables>#SL_Bus_ROSVariableLengthArrayInfo#ros2lib.sldd#</globalVariables>
    <globalVariables>#SL_Bus_builtin_interfaces_Time#ros2lib.sldd#</globalVariables>
    <globalVariables>#SL_Bus_geometry_msgs_Point#ros2lib.sldd#</globalVariables>
    <globalVariables>#SL_Bus_geometry_msgs_Vector3#ros2lib.sldd#</globalVariables>
    <globalVariables>#SL_Bus_radar_msgs_RadarTrack#ros2lib.sldd#</globalVariables>
    <globalVariables>#SL_Bus_radar_msgs_RadarTracks#ros2lib.sldd#</globalVariables>
    <globalVariables>#SL_Bus_sensor_msgs_Image#ros2lib.sldd#</globalVariables>
    <globalVariables>#SL_Bus_std_msgs_Header#ros2lib.sldd#</globalVariables>
    <globalVariables>#SL_Bus_unique_identifier_msgs_UUID#ros2lib.sldd#</globalVariables>
    <hasBlockWithPeriodicDiscreteSampleTime>true</hasBlockWithPeriodicDiscreteSampleTime>
    <hasBwsAccessed>true</hasBwsAccessed>
    <isBdInSimModeForSimCodegenVariants>false</isBdInSimModeForSimCodegenVariants>
    <loggingSaveFormat>2</loggingSaveFormat>
    <maxFreqHz>-1.0</maxFreqHz>
    <numDataInputPorts>0</numDataInputPorts>
    <numLoggableJacobianDStates>0</numLoggableJacobianDStates>
    <runtimeNonFcnCallRateInfos type="ModelRefInfoRepo.RateInfo">
      <compiled>true</compiled>
      <nonFcnCallPartitionName>D1</nonFcnCallPartitionName>
      <period>.1</period>
      <priority>40</priority>
      <rateIdx>0</rateIdx>
    </runtimeNonFcnCallRateInfos>
    <sampleTimeInheritanceRule>2</sampleTimeInheritanceRule>
    <solverStatusFlags>335</solverStatusFlags>
    <timingAndTaskingRegistry>&lt;?xml version=&quot;1.0&quot;?&gt;
&lt;slexec_sto version=&quot;1.1&quot; packageUris=&quot;http://schema.mathworks.com/mf0/slexec_mm_sto/R2024a_202305081229&quot;&gt;
  &lt;sto.Registry type=&quot;sto.Registry&quot; uuid=&quot;e31c6f03-8f3e-4831-87b8-590264d4a0f0&quot;&gt;
    &lt;executionSpec&gt;Undetermined&lt;/executionSpec&gt;
    &lt;identifier&gt;RADAR_ROS_Message_One_Time_Run_24a&lt;/identifier&gt;
    &lt;clockRegistry type=&quot;sto.ClockRegistry&quot; uuid=&quot;8d74f227-c205-4733-9266-8152a2b99238&quot;&gt;
      &lt;clocks type=&quot;sto.Timer&quot; uuid=&quot;18bdd6ff-dab3-43b6-8cf6-9761e52ac29b&quot;&gt;
        &lt;computedFundamentalDiscretePeriod&gt;.1&lt;/computedFundamentalDiscretePeriod&gt;
        &lt;fastestDiscreteRate type=&quot;sto.ClassicPeriodicDiscreteRate&quot; uuid=&quot;15a14e15-2de6-42e7-8ad6-e9c9817c478b&quot;/&gt;
        &lt;isDefaultTimer&gt;true&lt;/isDefaultTimer&gt;
        &lt;resolution&gt;.1&lt;/resolution&gt;
        &lt;timeAdvanceMode&gt;FixedStep&lt;/timeAdvanceMode&gt;
        &lt;identifier&gt;RADAR_ROS_Message_One_Time_Run_24a::defaultTimer&lt;/identifier&gt;
        &lt;rates type=&quot;sto.ClassicPeriodicDiscreteRate&quot; uuid=&quot;15a14e15-2de6-42e7-8ad6-e9c9817c478b&quot;&gt;
          &lt;annotation&gt;D1&lt;/annotation&gt;
          &lt;clockId&gt;RADAR_ROS_Message_One_Time_Run_24a::defaultTimer&lt;/clockId&gt;
          &lt;description&gt;Discrete 1&lt;/description&gt;
          &lt;taskId&gt;_task0&lt;/taskId&gt;
          &lt;rateSpec type=&quot;sto.RateSpec&quot; uuid=&quot;82c79559-6f57-4564-9e2a-19d6ccff7e91&quot;&gt;
            &lt;period&gt;.1&lt;/period&gt;
            &lt;rateType&gt;ClassicPeriodicDiscrete&lt;/rateType&gt;
          &lt;/rateSpec&gt;
        &lt;/rates&gt;
        &lt;baseRate type=&quot;sto.ClassicPeriodicDiscreteRate&quot; uuid=&quot;8666229a-a383-472c-bf77-84f9ceac01fa&quot;&gt;
          &lt;annotation&gt;D1&lt;/annotation&gt;
          &lt;clockId&gt;RADAR_ROS_Message_One_Time_Run_24a::defaultTimer&lt;/clockId&gt;
          &lt;description&gt;Discrete 1&lt;/description&gt;
          &lt;taskId&gt;_task0&lt;/taskId&gt;
          &lt;rateSpec type=&quot;sto.RateSpec&quot; uuid=&quot;a0b7a2ba-fa96-4536-b5c6-a7aab13e66cc&quot;&gt;
            &lt;period&gt;.1&lt;/period&gt;
            &lt;rateType&gt;ClassicPeriodicDiscrete&lt;/rateType&gt;
          &lt;/rateSpec&gt;
        &lt;/baseRate&gt;
      &lt;/clocks&gt;
      &lt;timeAdvanceMode&gt;FixedStep&lt;/timeAdvanceMode&gt;
    &lt;/clockRegistry&gt;
    &lt;taskRegistry type=&quot;sto.TaskRegistry&quot; uuid=&quot;98074e4b-c73e-47fb-939a-45bb36ffde8d&quot;&gt;
      &lt;rootTaskHierarchyElements type=&quot;sto.Task&quot; uuid=&quot;ec0b94a7-18ba-45cc-92ef-5da06247b7aa&quot;&gt;
        &lt;isExecutable&gt;true&lt;/isExecutable&gt;
        &lt;orderIndex&gt;1&lt;/orderIndex&gt;
        &lt;rates type=&quot;sto.ClassicPeriodicDiscreteRate&quot; uuid=&quot;f6db1fe6-eec3-4bcc-b644-93c35d96569d&quot;&gt;
          &lt;annotation&gt;D1&lt;/annotation&gt;
          &lt;clockId&gt;RADAR_ROS_Message_One_Time_Run_24a::defaultTimer&lt;/clockId&gt;
          &lt;description&gt;Discrete 1&lt;/description&gt;
          &lt;taskId&gt;_task0&lt;/taskId&gt;
          &lt;rateSpec type=&quot;sto.RateSpec&quot; uuid=&quot;70c61100-ff4f-43e2-ba8c-bdfb24f8036f&quot;&gt;
            &lt;period&gt;.1&lt;/period&gt;
            &lt;rateType&gt;ClassicPeriodicDiscrete&lt;/rateType&gt;
          &lt;/rateSpec&gt;
        &lt;/rates&gt;
        &lt;schedulingClockId&gt;RADAR_ROS_Message_One_Time_Run_24a::defaultTimer&lt;/schedulingClockId&gt;
        &lt;timeKeeperClockId&gt;RADAR_ROS_Message_One_Time_Run_24a::defaultTimer&lt;/timeKeeperClockId&gt;
        &lt;elementType&gt;Task&lt;/elementType&gt;
        &lt;identifier&gt;_task0&lt;/identifier&gt;
        &lt;priority&gt;40&lt;/priority&gt;
      &lt;/rootTaskHierarchyElements&gt;
      &lt;taskDependencyGraph type=&quot;sto.SerializedTaskConnectionList&quot; uuid=&quot;4e961d38-6d04-40a8-bef1-4547294420f5&quot;&gt;
        &lt;clockIdentifier&gt;RADAR_ROS_Message_One_Time_Run_24a::defaultTimer&lt;/clockIdentifier&gt;
        &lt;taskIdentifier&gt;_task0&lt;/taskIdentifier&gt;
      &lt;/taskDependencyGraph&gt;
      &lt;taskPriorityDirection&gt;HighNumberLast&lt;/taskPriorityDirection&gt;
    &lt;/taskRegistry&gt;
  &lt;/sto.Registry&gt;
&lt;/slexec_sto&gt;</timingAndTaskingRegistry>
    <zeroInternalMemoryAtStartupUnchecked>true</zeroInternalMemoryAtStartupUnchecked>
    <FMUBlockMap type="ModelRefInfoRepo.FMUBlockInfo" uuid="f40bfc63-3038-4d3a-8519-03f1dc531cec"/>
    <codeGenInfo type="ModelRefInfoRepo.CodeGenInformation" uuid="e34fa459-64f3-434c-a643-35ff58505550"/>
    <compiledVariantInfos type="ModelRefInfoRepo.CompiledVariantInfoMap" uuid="d0bd2fbe-43c9-423a-8c33-9b02df26923e"/>
    <configSettingsForConsistencyChecks type="ModelRefInfoRepo.ConfigSettingsForConsistencyChecks" uuid="d9cc97d1-b39e-4621-98c4-6378501906d6">
      <consistentOutportInitialization>true</consistentOutportInitialization>
      <fixedStepSize>.1</fixedStepSize>
      <frameDiagnosticSetting>2</frameDiagnosticSetting>
      <hasHybridSampleTime>true</hasHybridSampleTime>
      <signalLoggingSaveFormat>2</signalLoggingSaveFormat>
      <simSIMDOptimization>1</simSIMDOptimization>
      <solverName>FixedStepDiscrete</solverName>
      <solverType>SOLVER_TYPE_FIXEDSTEP</solverType>
      <hardwareSettings type="ModelRefInfoRepo.HardwareSettings" uuid="a22d3b5d-a965-4bca-b5cc-fb5b4212a8e4">
        <prodBitPerChar>8</prodBitPerChar>
        <prodBitPerDouble>64</prodBitPerDouble>
        <prodBitPerFloat>32</prodBitPerFloat>
        <prodBitPerInt>32</prodBitPerInt>
        <prodBitPerLong>32</prodBitPerLong>
        <prodBitPerLongLong>64</prodBitPerLongLong>
        <prodBitPerPointer>64</prodBitPerPointer>
        <prodBitPerPtrDiffT>64</prodBitPerPtrDiffT>
        <prodBitPerShort>16</prodBitPerShort>
        <prodBitPerSizeT>64</prodBitPerSizeT>
        <prodEndianess>1</prodEndianess>
        <prodShiftRight>true</prodShiftRight>
        <prodWordSize>64</prodWordSize>
      </hardwareSettings>
    </configSettingsForConsistencyChecks>
    <controllableInputRatesMap type="ModelRefInfoRepo.VarTsUIDMap" uuid="d5ba2ac3-220a-4aef-8224-6f3f2466c6d5"/>
    <controllableOutputRatesMap type="ModelRefInfoRepo.VarTsUIDMap" uuid="6ac5cb1d-b723-4e71-a545-870e4fea310a"/>
    <dataPortGroup type="ModelRefInfoRepo.DataPortGroup" uuid="ae33e1c0-b092-4d83-baeb-1bfbb02c0f22"/>
    <expFcnUnconnectedDataPortGroup type="ModelRefInfoRepo.DataPortGroup" uuid="077f0902-bccb-4cf9-98bb-1c9c515fd4f2"/>
    <interfaceParameterInfo type="ModelRefInfoRepo.InterfaceParameterInfo" uuid="bd889997-bb0e-4009-8dac-bc53086ab405"/>
    <messageInfo type="ModelRefInfoRepo.MessageInformation" uuid="5d7435d9-fb78-4bb3-b6fc-e0f0bde92c30"/>
    <methodInfo type="ModelRefInfoRepo.MethodExistenceInfo" uuid="6b9d1a64-c2c1-491b-9c07-9a2fa4e5e26a"/>
    <periodicEventPortUnsupportedBlockInfo type="ModelRefInfoRepo.PeriodicEventPortUnsupportedBlockInfo" uuid="a571e7db-995d-49f5-9e24-502aa34f4157"/>
    <portGroupsRequireSameRate type="ModelRefInfoRepo.PortGroupsRequireSameRate" uuid="c2da9409-11ca-49bc-add0-43f226c81630">
      <DSMPortGroups type="ModelRefInfoRepo.NameToPortGroupIdxVectMap" uuid="20935e54-557e-4306-830a-e13599ec5413"/>
      <GlobalDSMPortGroups type="ModelRefInfoRepo.NameToPortGroupIdxVectMap" uuid="ab74a7fe-e549-4b45-aa1b-bdc757284a28"/>
      <mergedPortGroups type="ModelRefInfoRepo.NameToPortGroupIdxVectMap" uuid="ee419332-d80b-463a-b4f9-0ce3ddee1c9d"/>
    </portGroupsRequireSameRate>
    <rateBasedMdlGlobalDSMRateSpec type="ModelRefInfoRepo.GlobalDSMRateSpecMap" uuid="16dba758-08de-4e3d-9248-99ca5f421f55"/>
    <rateSpecOfGlobalDSMAccessedByDescExpFcnMdlMap type="ModelRefInfoRepo.GlobalDSMRateSpecMap" uuid="998c65c2-2df8-4f3f-838e-e1db6c36d973"/>
    <rootBlockDiagramInterface type="ci.Model" uuid="57bb6d85-7678-4d6d-9986-cc582c934cb9">
      <p_RootComponentInterface type="ci.ComponentInterface" uuid="2046170f-a30c-4fb2-bf27-485baa0df22b">
        <p_Name>RADAR_ROS_Message_One_Time_Run_24a</p_Name>
        <p_Type>ROOT</p_Type>
      </p_RootComponentInterface>
    </rootBlockDiagramInterface>
    <simulinkFunctions type="ModelRefInfoRepo.SimulinkFunctions" uuid="9e577a26-9802-4ca2-bc49-6e7f73a2b668">
      <compSimulinkFunctionCatalog></compSimulinkFunctionCatalog>
    </simulinkFunctions>
    <sltpContext type="sltp.mm.core.Context" uuid="e1680551-6f86-4405-b10b-99c6e8056057">
      <priorityDirection>HighNumberLast</priorityDirection>
      <unusedTaskIds>1</unusedTaskIds>
      <defaultEventBehavior type="sltp.mm.core.EventBehavior" uuid="61504675-50da-4313-a6e5-8758742e28dc"/>
      <editorState type="sltp.mm.core.EditorState" uuid="8da98849-77b1-44b6-8e5d-4a6c7e2d7413">
        <isSynchronized>true</isSynchronized>
        <panelState type="sltp.mm.core.EditorPanelState" uuid="e56d4e20-b434-492f-b9dc-fff35f38b162"/>
      </editorState>
      <rootTask type="sltp.mm.core.Task" uuid="e2f581b4-317c-4e6b-a513-a34b9ee83e86">
        <context type="sltp.mm.core.Context" uuid="e1680551-6f86-4405-b10b-99c6e8056057"/>
        <explicit>false</explicit>
        <name>Default</name>
        <priority>-2147483648</priority>
        <subgraph type="sltp.mm.core.Graph" uuid="82aa64bf-f1ac-4bbc-b777-3380c7dbe1cc">
          <tasks type="sltp.mm.core.Task" uuid="ef900265-753e-44e1-9e1a-00cc5d406bd0">
            <context type="sltp.mm.core.Context" uuid="e1680551-6f86-4405-b10b-99c6e8056057"/>
            <explicit>false</explicit>
            <id>2</id>
            <isTimed>true</isTimed>
            <name>D1</name>
            <priority>40</priority>
            <rates type="sltp.mm.core.Rate" uuid="c77dd37a-1c08-4d13-9fb1-c58e23c16ef6">
              <annotation>D1</annotation>
              <color>-12240129</color>
              <hasBlocks>true</hasBlocks>
              <identifier>ClassicPeriodicDiscrete0.10</identifier>
              <rateIndex>0</rateIndex>
              <rateSpec type="sltp.mm.core.RateSpec">
                <period>.1</period>
              </rateSpec>
              <sti>0</sti>
            </rates>
          </tasks>
        </subgraph>
      </rootTask>
    </sltpContext>
    <stateWriterToOwnerMap type="ModelRefInfoRepo.StateWriterInfo" uuid="a2fd0ab1-e2bf-4cb1-90c6-3df58531a70f"/>
    <stoClientDataRegistry type="sto.ClientDataRegistry" uuid="e0b6444a-a497-45a5-a49e-2cbd66b750be">
      <dataSets type="sto.ClientClockNamedDataSet" uuid="0bf3264c-63dc-4a92-8756-5b59d8fd57b7">
        <tag>sltpEvents</tag>
      </dataSets>
      <dataSets type="sto.ClientTaskHierarchyElementNamedDataSet" uuid="571fa31b-72c0-430c-9f2b-038a52be9a71">
        <tag>sltpTaskGroups</tag>
      </dataSets>
      <dataSets type="sto.ClientTaskHierarchyElementNamedDataSet" uuid="91bb1d77-b4be-4507-b7de-98cdbe681ba7">
        <dSet type="ModelRefInfoRepo.SltpTaskData" uuid="d1dc53db-06f6-404a-a5c1-a5abc15cf250"/>
        <tSet type="ModelRefInfoRepo.SltpTaskData" uuid="d1dc53db-06f6-404a-a5c1-a5abc15cf250">
          <dataName>D1</dataName>
          <linkedSet type="sto.ClientTaskHierarchyElementNamedDataSet" uuid="91bb1d77-b4be-4507-b7de-98cdbe681ba7"/>
          <id type="sto.TaskHierarchyElementId">
            <clockId>RADAR_ROS_Message_One_Time_Run_24a::defaultTimer</clockId>
            <id>_task0</id>
          </id>
        </tSet>
        <tag>sltpTasks</tag>
      </dataSets>
    </stoClientDataRegistry>
    <varTsUIDMap type="ModelRefInfoRepo.VarTsUIDMap" uuid="d523dbbd-4500-4df2-9d3d-b7279b135d01"/>
  </ModelRefInfoRepo.ModelRefInfoRoot>
</MF0>