<?xml version="1.0" encoding="utf-8"?>
<Project DefaultTargets="Build" ToolsVersion="17.0" xmlns="http://schemas.microsoft.com/developer/msbuild/2003">

  <ItemGroup Label="ProjectConfigurations">
    <ProjectConfiguration Include="Release|x64">
      <Configuration>Release</Configuration>
      <Platform>x64</Platform>
    </ProjectConfiguration>

    <ProjectConfiguration Include="Debug|x64">
      <Configuration>Debug</Configuration>
      <Platform>x64</Platform>
    </ProjectConfiguration>
  </ItemGroup>

  <PropertyGroup Label="Globals">
    <ProjectGuid>{D660F53C-86F1-44A7-BD6E-6235B015B45C}</ProjectGuid>
    <Keyword>Win32Proj</Keyword>
    <RootNamespace>CarMakerInstall</RootNamespace>
  </PropertyGroup>

  <Import Project="$(VCTargetsPath)\Microsoft.Cpp.Default.props" />

  <PropertyGroup Label="Configuration">
    <OutDir>../bin/</OutDir>
    <ConfigurationType>Utility</ConfigurationType>
    <CharacterSet>MultiByte</CharacterSet>
    <PlatformToolset>v143</PlatformToolset>
  </PropertyGroup>

  <Import Project="$(VCTargetsPath)\Microsoft.Cpp.props" />

  <ImportGroup Label="ExtensionSettings" />

  <ImportGroup Label="PropertySheets" Condition="'$(Platform)'=='x64'">
    <Import Project="$(UserRootDir)\Microsoft.Cpp.$(Platform).user.props" Condition="exists('$(UserRootDir)\Microsoft.Cpp.$(Platform).user.props')" Label="LocalAppDataPlatform" />
    <Import Project="C:/IPG/carmaker/win64-14.0.1/include/MSVS_Defs.props" />
    <Import Project="./CarMaker.props" />
  </ImportGroup>

  <ItemDefinitionGroup>
    <PreBuildEvent>
      <Command>"$(INSTALL_APP)" -nostrip "$(APP_NAME)" $(ARCH)</Command>
      <Message>Installing $(APP_NAME)</Message>
    </PreBuildEvent>
    <Midl>
      <TypeLibraryName>"$(IntDir)/CarMakerInstall.tlb"</TypeLibraryName>
    </Midl>
  </ItemDefinitionGroup>

  <ItemDefinitionGroup Condition="'$(Platform)'=='x64'">
    <Midl>
      <TargetEnvironment>X64</TargetEnvironment>
    </Midl>
  </ItemDefinitionGroup>

  <Import Project="$(VCTargetsPath)\Microsoft.Cpp.targets" />
  <ImportGroup Label="ExtensionTargets" />
</Project>
