<?xml version="1.0" encoding="utf-8"?>
<Project ToolsVersion="4.0" xmlns="http://schemas.microsoft.com/developer/msbuild/2003">

  <ItemGroup>
    <Filter Include="Source Files">
      <Extensions>cpp;c;cxx;rc;def;r;odl;idl;hpj;bat</Extensions>
    </Filter>
    <Filter Include="Header Files">
      <Extensions>h;hpp;hxx;hm;inl</Extensions>
    </Filter>
    <Filter Include="Resource Files">
      <Extensions>ico;cur;bmp;dlg;rc2;rct;bin;rgs;gif;jpg;jpeg;jpe</Extensions>
    </Filter>
  </ItemGroup>

  <ItemGroup>
    <ClCompile Include="app_tmp.c">
      <Filter>Source Files</Filter>
    </ClCompile>
    <ClCompile Include="CM_Main.c">
      <Filter>Source Files</Filter>
    </ClCompile>
    <ClCompile Include="CM_Vehicle.c">
      <Filter>Source Files</Filter>
    </ClCompile>
    <ClCompile Include="User.c">
      <Filter>Source Files</Filter>
    </ClCompile>
    <ClCompile Include="IO.c">
      <Filter>Source Files</Filter>
    </ClCompile>
  </ItemGroup>

</Project>
