<?xml version="1.0" encoding="utf-8"?>
<Project DefaultTargets="Build" ToolsVersion="17.0" xmlns="http://schemas.microsoft.com/developer/msbuild/2003">

  <ItemGroup Label="ProjectConfigurations">

    <ProjectConfiguration Include="Release|x64">
      <Configuration>Release</Configuration>
      <Platform>x64</Platform>
    </ProjectConfiguration>

    <ProjectConfiguration Include="Debug|x64">
      <Configuration>Debug</Configuration>
      <Platform>x64</Platform>
    </ProjectConfiguration>

  </ItemGroup>

  <PropertyGroup Label="Globals">
    <ProjectGuid>{E5D10841-CCBC-4266-8729-4ADA1A14F6C6}</ProjectGuid>
    <Keyword>Win32Proj</Keyword>
    <RootNamespace>CarMaker for Simulink</RootNamespace>
  </PropertyGroup>

  <Import Project="$(VCTargetsPath)\Microsoft.Cpp.Default.props" />

  <PropertyGroup Label="Configuration" Condition="'$(Configuration)'=='Debug'">
    <ConfigurationType>DynamicLibrary</ConfigurationType>
    <UseDebugLibraries>true</UseDebugLibraries>
    <CharacterSet>MultiByte</CharacterSet>
  </PropertyGroup>
  <PropertyGroup Label="Configuration" Condition="'$(Configuration)'=='Release'">
    <ConfigurationType>DynamicLibrary</ConfigurationType>
    <UseDebugLibraries>false</UseDebugLibraries>
    <CharacterSet>MultiByte</CharacterSet>
  </PropertyGroup>
  <PropertyGroup Label="Configuration">
    <PlatformToolset>v143</PlatformToolset>
  </PropertyGroup>

  <Import Project="$(VCTargetsPath)\Microsoft.Cpp.props" />

  <ImportGroup Label="ExtensionSettings" />

  <ImportGroup Label="PropertySheets" Condition="'$(Platform)'=='x64'">
    <Import Project="$(UserRootDir)\Microsoft.Cpp.$(Platform).user.props" Condition="exists('$(UserRootDir)\Microsoft.Cpp.$(Platform).user.props')" Label="LocalAppDataPlatform" />
    <Import Project="C:/IPG/carmaker/win64-14.0.1/include/MSVS_Defs.props" />
    <Import Project="C:/IPG/carmaker/win64-14.0.1/CM4SL/MSVS_Defs4SL.props" />
    <Import Project="./CarMaker for Simulink.props" />
  </ImportGroup>

  <ItemGroup>
    <ClCompile Include="IO.c" />
    <ClCompile Include="User.c" />
    <ClCompile Include="CM_Vehicle.c" />
    <ClCompile Include="CM_Main.c" />
    <ClCompile Include="app_tmp.c" />
  </ItemGroup>

  <Import Project="$(VCTargetsPath)\Microsoft.Cpp.targets" />
  <ImportGroup Label="ExtensionTargets" />
</Project>
