<?xml version="1.0" encoding="UTF-8"?>
<MF0 version="1.1" packageUris="http://schema.mathworks.com/mf0/ci/19700101 http://schema.mathworks.com/mf0/sl_modelref_info/R2024a http://schema.mathworks.com/mf0/slexec_mm_sto/R2024a_202305081229 http://schema.mathworks.com/mf0/sltp_mm/R2023a_202209151115">
  <ModelRefInfoRepo.ModelRefInfoRoot type="ModelRefInfoRepo.ModelRefInfoRoot" uuid="38ca7ac2-b612-45e9-a92b-51c052618532">
    <childModelRefInfo type="ModelRefInfoRepo.ChildModelRefInfo" uuid="018895f5-8b32-4de3-83c1-cc5748f4b2cc">
      <modelName>ROS2_IPG_Write_Data_Sample1</modelName>
      <modelPath>ROS2_IPG_Write_Data_Sample1</modelPath>
    </childModelRefInfo>
    <compiledTFinal>10.0</compiledTFinal>
    <dataDictionarySet>ros2lib.sldd</dataDictionarySet>
    <dataSourceInfo type="ModelRefInfoRepo.DataSourceInfo" uuid="39b7f8a9-9419-4002-b12c-4a031f302a75">
      <dataSources type="ModelRefInfoRepo.SourceInfo" uuid="6f71bbb3-52da-4c80-bb2b-404ad943130a">
        <includeAllSections>true</includeAllSections>
        <sourceName>ros2lib.sldd</sourceName>
        <type>DataDictionary</type>
      </dataSources>
      <dataSources type="ModelRefInfoRepo.SourceInfo" uuid="9ee02cbe-c594-45d0-aa4b-442f76688f56">
        <includeAllSections>true</includeAllSections>
        <sourceName>base workspace</sourceName>
        <type>BaseWorkspace</type>
      </dataSources>
      <modelName>ROS2_IPG_Write_Data_Sample1</modelName>
    </dataSourceInfo>
    <dataTransferInfos>AAFJTQAAAAAOAAAAOAAAAAYAAAAIAAAAAgAAAAAAAAAFAAAACAAAAAAAAAABAAAAAQAAAAAAAAAFAAQAAQAAAAEAAAAAAAAA</dataTransferInfos>
    <fastestNoncontSigFeedingDerivPorts>-1.0</fastestNoncontSigFeedingDerivPorts>
    <fundamentalSampleTimePeriod>.05</fundamentalSampleTimePeriod>
    <globalVariables>#SL_Bus_ROSVariableLengthArrayInfo#ros2lib.sldd#</globalVariables>
    <globalVariables>#SL_Bus_builtin_interfaces_Time#ros2lib.sldd#</globalVariables>
    <globalVariables>#SL_Bus_geometry_msgs_Vector3#ros2lib.sldd#</globalVariables>
    <globalVariables>#SL_Bus_sensor_msgs_Image#ros2lib.sldd#</globalVariables>
    <globalVariables>#SL_Bus_std_msgs_Header#ros2lib.sldd#</globalVariables>
    <hasBlockWithPeriodicDiscreteSampleTime>true</hasBlockWithPeriodicDiscreteSampleTime>
    <hasBwsAccessed>true</hasBwsAccessed>
    <isBdInSimModeForSimCodegenVariants>false</isBdInSimModeForSimCodegenVariants>
    <loggingSaveFormat>2</loggingSaveFormat>
    <maxFreqHz>-1.0</maxFreqHz>
    <numDStateRecs>2</numDStateRecs>
    <numDataInputPorts>0</numDataInputPorts>
    <numLoggableDStateRecs>2</numLoggableDStateRecs>
    <numLoggableJacobianDStates>0</numLoggableJacobianDStates>
    <removeResetFunc>true</removeResetFunc>
    <runtimeNonFcnCallRateInfos type="ModelRefInfoRepo.RateInfo">
      <compiled>true</compiled>
      <nonFcnCallPartitionName>D1</nonFcnCallPartitionName>
      <period>.05</period>
      <priority>40</priority>
      <rateIdx>0</rateIdx>
    </runtimeNonFcnCallRateInfos>
    <sampleTimeInheritanceRule>2</sampleTimeInheritanceRule>
    <solverStatusFlags>335</solverStatusFlags>
    <timingAndTaskingRegistry>&lt;?xml version=&quot;1.0&quot;?&gt;
&lt;slexec_sto version=&quot;1.1&quot; packageUris=&quot;http://schema.mathworks.com/mf0/slexec_mm_sto/R2024a_202305081229&quot;&gt;
  &lt;sto.Registry type=&quot;sto.Registry&quot; uuid=&quot;7b6711bd-76f8-4636-8051-a5b023c5413f&quot;&gt;
    &lt;executionSpec&gt;Undetermined&lt;/executionSpec&gt;
    &lt;identifier&gt;ROS2_IPG_Write_Data_Sample1&lt;/identifier&gt;
    &lt;clockRegistry type=&quot;sto.ClockRegistry&quot; uuid=&quot;78c362d3-422e-49da-822f-c040de00325c&quot;&gt;
      &lt;clocks type=&quot;sto.Timer&quot; uuid=&quot;a2acfe51-eb86-452f-8b34-a65be6a04897&quot;&gt;
        &lt;computedFundamentalDiscretePeriod&gt;.05&lt;/computedFundamentalDiscretePeriod&gt;
        &lt;fastestDiscreteRate type=&quot;sto.ClassicPeriodicDiscreteRate&quot; uuid=&quot;5ad166be-5295-42a7-bacc-b9d99d314c9f&quot;/&gt;
        &lt;isDefaultTimer&gt;true&lt;/isDefaultTimer&gt;
        &lt;resolution&gt;.05&lt;/resolution&gt;
        &lt;timeAdvanceMode&gt;FixedStep&lt;/timeAdvanceMode&gt;
        &lt;identifier&gt;ROS2_IPG_Write_Data_Sample1::defaultTimer&lt;/identifier&gt;
        &lt;rates type=&quot;sto.ClassicPeriodicDiscreteRate&quot; uuid=&quot;5ad166be-5295-42a7-bacc-b9d99d314c9f&quot;&gt;
          &lt;annotation&gt;D1&lt;/annotation&gt;
          &lt;clockId&gt;ROS2_IPG_Write_Data_Sample1::defaultTimer&lt;/clockId&gt;
          &lt;description&gt;Discrete 1&lt;/description&gt;
          &lt;taskId&gt;_task0&lt;/taskId&gt;
          &lt;rateSpec type=&quot;sto.RateSpec&quot; uuid=&quot;140d0073-5981-43b1-8d23-3c423e19420d&quot;&gt;
            &lt;period&gt;.05&lt;/period&gt;
            &lt;rateType&gt;ClassicPeriodicDiscrete&lt;/rateType&gt;
          &lt;/rateSpec&gt;
        &lt;/rates&gt;
        &lt;baseRate type=&quot;sto.ClassicPeriodicDiscreteRate&quot; uuid=&quot;6b6adb7c-de30-4228-a908-42bc2f629d43&quot;&gt;
          &lt;annotation&gt;D1&lt;/annotation&gt;
          &lt;clockId&gt;ROS2_IPG_Write_Data_Sample1::defaultTimer&lt;/clockId&gt;
          &lt;description&gt;Discrete 1&lt;/description&gt;
          &lt;taskId&gt;_task0&lt;/taskId&gt;
          &lt;rateSpec type=&quot;sto.RateSpec&quot; uuid=&quot;06ca5bc9-cb0f-4171-86d4-ce5ade0df1a3&quot;&gt;
            &lt;period&gt;.05&lt;/period&gt;
            &lt;rateType&gt;ClassicPeriodicDiscrete&lt;/rateType&gt;
          &lt;/rateSpec&gt;
        &lt;/baseRate&gt;
      &lt;/clocks&gt;
      &lt;timeAdvanceMode&gt;FixedStep&lt;/timeAdvanceMode&gt;
    &lt;/clockRegistry&gt;
    &lt;taskRegistry type=&quot;sto.TaskRegistry&quot; uuid=&quot;5126e857-3ceb-405e-9c23-1df1aee78fcb&quot;&gt;
      &lt;rootTaskHierarchyElements type=&quot;sto.Task&quot; uuid=&quot;d228bc5f-cc17-4491-af53-a232e47bee72&quot;&gt;
        &lt;isExecutable&gt;true&lt;/isExecutable&gt;
        &lt;orderIndex&gt;1&lt;/orderIndex&gt;
        &lt;rates type=&quot;sto.ClassicPeriodicDiscreteRate&quot; uuid=&quot;b8306d51-b2c2-4223-a599-35608323d967&quot;&gt;
          &lt;annotation&gt;D1&lt;/annotation&gt;
          &lt;clockId&gt;ROS2_IPG_Write_Data_Sample1::defaultTimer&lt;/clockId&gt;
          &lt;description&gt;Discrete 1&lt;/description&gt;
          &lt;taskId&gt;_task0&lt;/taskId&gt;
          &lt;rateSpec type=&quot;sto.RateSpec&quot; uuid=&quot;1036d844-d87e-4a49-abd8-1e465e3d1078&quot;&gt;
            &lt;period&gt;.05&lt;/period&gt;
            &lt;rateType&gt;ClassicPeriodicDiscrete&lt;/rateType&gt;
          &lt;/rateSpec&gt;
        &lt;/rates&gt;
        &lt;schedulingClockId&gt;ROS2_IPG_Write_Data_Sample1::defaultTimer&lt;/schedulingClockId&gt;
        &lt;timeKeeperClockId&gt;ROS2_IPG_Write_Data_Sample1::defaultTimer&lt;/timeKeeperClockId&gt;
        &lt;elementType&gt;Task&lt;/elementType&gt;
        &lt;identifier&gt;_task0&lt;/identifier&gt;
        &lt;priority&gt;40&lt;/priority&gt;
      &lt;/rootTaskHierarchyElements&gt;
      &lt;taskDependencyGraph type=&quot;sto.SerializedTaskConnectionList&quot; uuid=&quot;88f99a6b-8e91-4440-bd90-997b258328dc&quot;&gt;
        &lt;clockIdentifier&gt;ROS2_IPG_Write_Data_Sample1::defaultTimer&lt;/clockIdentifier&gt;
        &lt;taskIdentifier&gt;_task0&lt;/taskIdentifier&gt;
      &lt;/taskDependencyGraph&gt;
      &lt;taskPriorityDirection&gt;HighNumberLast&lt;/taskPriorityDirection&gt;
    &lt;/taskRegistry&gt;
  &lt;/sto.Registry&gt;
&lt;/slexec_sto&gt;</timingAndTaskingRegistry>
    <zeroInternalMemoryAtStartupUnchecked>true</zeroInternalMemoryAtStartupUnchecked>
    <FMUBlockMap type="ModelRefInfoRepo.FMUBlockInfo" uuid="4047a82a-8d7b-4398-a36d-faf78359d5e1"/>
    <codeGenInfo type="ModelRefInfoRepo.CodeGenInformation" uuid="cfe25f98-e679-4dd9-b7e1-a45133b41660"/>
    <compiledVariantInfos type="ModelRefInfoRepo.CompiledVariantInfoMap" uuid="8723ccb2-920c-46b9-8209-08021e4a5f37"/>
    <configSettingsForConsistencyChecks type="ModelRefInfoRepo.ConfigSettingsForConsistencyChecks" uuid="8dbfccc8-c190-4158-95dc-5502c5bacdbc">
      <consistentOutportInitialization>true</consistentOutportInitialization>
      <fixedStepSize>.05</fixedStepSize>
      <frameDiagnosticSetting>2</frameDiagnosticSetting>
      <hasHybridSampleTime>true</hasHybridSampleTime>
      <optimizedInitCode>true</optimizedInitCode>
      <signalLoggingSaveFormat>2</signalLoggingSaveFormat>
      <simSIMDOptimization>1</simSIMDOptimization>
      <solverName>FixedStepDiscrete</solverName>
      <solverType>SOLVER_TYPE_FIXEDSTEP</solverType>
      <hardwareSettings type="ModelRefInfoRepo.HardwareSettings" uuid="99c4c0ef-2ccd-437a-a3b4-22ea1e6cef1c">
        <prodBitPerChar>8</prodBitPerChar>
        <prodBitPerDouble>64</prodBitPerDouble>
        <prodBitPerFloat>32</prodBitPerFloat>
        <prodBitPerInt>32</prodBitPerInt>
        <prodBitPerLong>32</prodBitPerLong>
        <prodBitPerLongLong>64</prodBitPerLongLong>
        <prodBitPerPointer>64</prodBitPerPointer>
        <prodBitPerPtrDiffT>64</prodBitPerPtrDiffT>
        <prodBitPerShort>16</prodBitPerShort>
        <prodBitPerSizeT>64</prodBitPerSizeT>
        <prodEndianess>1</prodEndianess>
        <prodShiftRight>true</prodShiftRight>
        <prodWordSize>64</prodWordSize>
      </hardwareSettings>
    </configSettingsForConsistencyChecks>
    <controllableInputRatesMap type="ModelRefInfoRepo.VarTsUIDMap" uuid="bf27028f-3521-4e0d-9aae-3d6be6bf4b6b"/>
    <controllableOutputRatesMap type="ModelRefInfoRepo.VarTsUIDMap" uuid="d5219753-416b-4f81-8a3d-e36bb1ea567d"/>
    <dataPortGroup type="ModelRefInfoRepo.DataPortGroup" uuid="8aed8d8e-3509-426d-bf17-fe646d9b4e0c"/>
    <expFcnUnconnectedDataPortGroup type="ModelRefInfoRepo.DataPortGroup" uuid="926fea2a-ca9c-46b6-88db-939471f0dbf1"/>
    <interfaceParameterInfo type="ModelRefInfoRepo.InterfaceParameterInfo" uuid="4cef9d9e-1564-4685-9bfc-6697913fad95"/>
    <messageInfo type="ModelRefInfoRepo.MessageInformation" uuid="558a5290-796c-4985-8ab0-725345f2bf1f"/>
    <methodInfo type="ModelRefInfoRepo.MethodExistenceInfo" uuid="eb5711f8-be58-40a9-8130-14126d3ad1b1">
      <hasTerminateMethod>true</hasTerminateMethod>
    </methodInfo>
    <periodicEventPortUnsupportedBlockInfo type="ModelRefInfoRepo.PeriodicEventPortUnsupportedBlockInfo" uuid="363a5251-8baf-4c6a-a006-c40417372ee3"/>
    <portGroupsRequireSameRate type="ModelRefInfoRepo.PortGroupsRequireSameRate" uuid="0e1d8a61-443c-4b04-bb21-ecc732f3fef5">
      <DSMPortGroups type="ModelRefInfoRepo.NameToPortGroupIdxVectMap" uuid="bc950e23-ff27-406d-80be-d6bbd6459aff"/>
      <GlobalDSMPortGroups type="ModelRefInfoRepo.NameToPortGroupIdxVectMap" uuid="8d7d3f1a-840e-49fb-8427-47cc87fe1fd1"/>
      <mergedPortGroups type="ModelRefInfoRepo.NameToPortGroupIdxVectMap" uuid="0ac03496-723b-481a-9152-41d0264a4428"/>
    </portGroupsRequireSameRate>
    <rateBasedMdlGlobalDSMRateSpec type="ModelRefInfoRepo.GlobalDSMRateSpecMap" uuid="ae779790-2d3d-4d12-a0da-b88141a50680"/>
    <rateSpecOfGlobalDSMAccessedByDescExpFcnMdlMap type="ModelRefInfoRepo.GlobalDSMRateSpecMap" uuid="18cb58c6-691f-4f81-be57-aaa5d18daeef"/>
    <rootBlockDiagramInterface type="ci.Model" uuid="855a3a78-8703-48e4-a826-d16cf72323da">
      <p_RootComponentInterface type="ci.ComponentInterface" uuid="d6d66de9-f5d4-4921-8201-c08a35fa8ba3">
        <p_Name>ROS2_IPG_Write_Data_Sample1</p_Name>
        <p_Type>ROOT</p_Type>
      </p_RootComponentInterface>
    </rootBlockDiagramInterface>
    <simulinkFunctions type="ModelRefInfoRepo.SimulinkFunctions" uuid="54f6ad09-e837-4f43-a6d4-9706fea7361d">
      <compSimulinkFunctionCatalog></compSimulinkFunctionCatalog>
    </simulinkFunctions>
    <sltpContext type="sltp.mm.core.Context" uuid="3133f74b-dcde-41f7-948a-59316e5cb0a4">
      <priorityDirection>HighNumberLast</priorityDirection>
      <defaultEventBehavior type="sltp.mm.core.EventBehavior" uuid="1b696e28-2552-4eb4-b336-65d2f3b2d816"/>
      <editorState type="sltp.mm.core.EditorState" uuid="86f1ac67-000d-4cd6-bd1d-9284486d06e6">
        <panelState type="sltp.mm.core.EditorPanelState" uuid="b1887e9b-c766-4f9f-83a6-243e3edc0137"/>
      </editorState>
      <rootTask type="sltp.mm.core.Task" uuid="ca4b8189-7840-4e08-b7c0-1cc8ed63c6e0">
        <context type="sltp.mm.core.Context" uuid="3133f74b-dcde-41f7-948a-59316e5cb0a4"/>
        <explicit>false</explicit>
        <name>Default</name>
        <priority>-2147483648</priority>
        <subgraph type="sltp.mm.core.Graph" uuid="2e39d879-71c7-4d94-bc71-0746e8f9b27a">
          <tasks type="sltp.mm.core.Task" uuid="3dccbaaa-3e3e-4166-8ee8-23c1bad90a8f">
            <context type="sltp.mm.core.Context" uuid="3133f74b-dcde-41f7-948a-59316e5cb0a4"/>
            <explicit>false</explicit>
            <id>1</id>
            <isTimed>true</isTimed>
            <name>D1</name>
            <priority>40</priority>
            <rates type="sltp.mm.core.Rate" uuid="437ad3e9-a0b7-4624-89ef-9097b70a6009">
              <annotation>D1</annotation>
              <color>-12240129</color>
              <identifier>ClassicPeriodicDiscrete0.050</identifier>
              <rateIndex>0</rateIndex>
              <rateSpec type="sltp.mm.core.RateSpec">
                <period>.05</period>
              </rateSpec>
              <sti>0</sti>
            </rates>
          </tasks>
        </subgraph>
      </rootTask>
    </sltpContext>
    <stateWriterToOwnerMap type="ModelRefInfoRepo.StateWriterInfo" uuid="d770205b-fb08-423b-bfe1-75a9a1f833e7"/>
    <stoClientDataRegistry type="sto.ClientDataRegistry" uuid="d0d25451-7c63-4534-a6f0-b292e8ab42ab">
      <dataSets type="sto.ClientClockNamedDataSet" uuid="510ad5f3-5a75-4816-adbd-9c5fb2ec51b7">
        <tag>sltpEvents</tag>
      </dataSets>
      <dataSets type="sto.ClientTaskHierarchyElementNamedDataSet" uuid="d3857f66-54fa-4af6-afc3-a02f0f5567f5">
        <tag>sltpTaskGroups</tag>
      </dataSets>
      <dataSets type="sto.ClientTaskHierarchyElementNamedDataSet" uuid="21017ddd-6786-455a-a0e6-f55272716c51">
        <dSet type="ModelRefInfoRepo.SltpTaskData" uuid="e297c380-06ec-46c5-8366-be3066869ada"/>
        <tSet type="ModelRefInfoRepo.SltpTaskData" uuid="e297c380-06ec-46c5-8366-be3066869ada">
          <dataName>D1</dataName>
          <linkedSet type="sto.ClientTaskHierarchyElementNamedDataSet" uuid="21017ddd-6786-455a-a0e6-f55272716c51"/>
          <id type="sto.TaskHierarchyElementId">
            <clockId>ROS2_IPG_Write_Data_Sample1::defaultTimer</clockId>
            <id>_task0</id>
          </id>
        </tSet>
        <tag>sltpTasks</tag>
      </dataSets>
    </stoClientDataRegistry>
    <varTsUIDMap type="ModelRefInfoRepo.VarTsUIDMap" uuid="b6216447-d76b-4378-9187-bdaba4bd4010"/>
  </ModelRefInfoRepo.ModelRefInfoRoot>
</MF0>