<?xml version="1.0" encoding="UTF-8"?>
<MF0 version="1.1" packageUris="http://schema.mathworks.com/mf0/ci/19700101 http://schema.mathworks.com/mf0/sl_modelref_info/R2024a http://schema.mathworks.com/mf0/slexec_mm_sto/R2024a_202305081229 http://schema.mathworks.com/mf0/sltp_mm/R2023a_202209151115">
  <ModelRefInfoRepo.ModelRefInfoRoot type="ModelRefInfoRepo.ModelRefInfoRoot" uuid="337cd52c-3280-42c0-bb57-6be2fbb290b6">
    <childModelRefInfo type="ModelRefInfoRepo.ChildModelRefInfo" uuid="51fbb20d-7f67-4ee0-aa2d-908593b188a8">
      <modelName>vehiclecontrol</modelName>
      <modelPath>vehiclecontrol</modelPath>
    </childModelRefInfo>
    <compiledTFinal>inf</compiledTFinal>
    <dataDictionarySet>ros2lib.sldd</dataDictionarySet>
    <dataSourceInfo type="ModelRefInfoRepo.DataSourceInfo" uuid="701d4c98-0412-41c1-bf31-665f5bd349bc">
      <dataSources type="ModelRefInfoRepo.SourceInfo" uuid="9f455246-7177-4292-a294-7546f9e8ab32">
        <includeAllSections>true</includeAllSections>
        <sourceName>ros2lib.sldd</sourceName>
        <type>DataDictionary</type>
      </dataSources>
      <dataSources type="ModelRefInfoRepo.SourceInfo" uuid="51b968f3-31f7-4d4f-bc1d-34cf2d0e8d42">
        <includeAllSections>true</includeAllSections>
        <sourceName>base workspace</sourceName>
        <type>BaseWorkspace</type>
      </dataSources>
      <modelName>vehiclecontrol</modelName>
    </dataSourceInfo>
    <dataTransferInfos>AAFJTQAAAAAOAAAAOAAAAAYAAAAIAAAAAgAAAAAAAAAFAAAACAAAAAAAAAABAAAAAQAAAAAAAAAFAAQAAQAAAAEAAAAAAAAA</dataTransferInfos>
    <fastestNoncontSigFeedingDerivPorts>-1.0</fastestNoncontSigFeedingDerivPorts>
    <fundamentalSampleTimePeriod>.2</fundamentalSampleTimePeriod>
    <globalVariables>#SL_Bus_geometry_msgs_Vector3#ros2lib.sldd#</globalVariables>
    <hasBwsAccessed>true</hasBwsAccessed>
    <isBdInSimModeForSimCodegenVariants>false</isBdInSimModeForSimCodegenVariants>
    <loggingSaveFormat>2</loggingSaveFormat>
    <maxFreqHz>-1.0</maxFreqHz>
    <numDataInputPorts>0</numDataInputPorts>
    <numLoggableJacobianDStates>0</numLoggableJacobianDStates>
    <runtimeNonFcnCallRateInfos type="ModelRefInfoRepo.RateInfo">
      <compiled>true</compiled>
      <isEmpty>true</isEmpty>
      <nonFcnCallPartitionName>D1</nonFcnCallPartitionName>
      <period>.2</period>
      <priority>40</priority>
      <rateIdx>0</rateIdx>
    </runtimeNonFcnCallRateInfos>
    <sampleTimeInheritanceRule>2</sampleTimeInheritanceRule>
    <solverStatusFlags>335</solverStatusFlags>
    <timingAndTaskingRegistry>&lt;?xml version=&quot;1.0&quot;?&gt;
&lt;slexec_sto version=&quot;1.1&quot; packageUris=&quot;http://schema.mathworks.com/mf0/slexec_mm_sto/R2024a_202305081229&quot;&gt;
  &lt;sto.Registry type=&quot;sto.Registry&quot; uuid=&quot;cd7a4c62-c094-437c-b1ce-27a71ab6aa69&quot;&gt;
    &lt;executionSpec&gt;Undetermined&lt;/executionSpec&gt;
    &lt;identifier&gt;vehiclecontrol&lt;/identifier&gt;
    &lt;clockRegistry type=&quot;sto.ClockRegistry&quot; uuid=&quot;c49a0c70-590c-4758-9ba5-65120e85a237&quot;&gt;
      &lt;clocks type=&quot;sto.Timer&quot; uuid=&quot;7d61f42c-de97-43a3-b78a-049c5a5c7b8a&quot;&gt;
        &lt;computedFundamentalDiscretePeriod&gt;.2&lt;/computedFundamentalDiscretePeriod&gt;
        &lt;fastestDiscreteRate type=&quot;sto.ClassicPeriodicDiscreteRate&quot; uuid=&quot;4069f4c3-8f8e-4682-93ea-000280a4ae57&quot;/&gt;
        &lt;isDefaultTimer&gt;true&lt;/isDefaultTimer&gt;
        &lt;resolution&gt;.2&lt;/resolution&gt;
        &lt;timeAdvanceMode&gt;FixedStep&lt;/timeAdvanceMode&gt;
        &lt;identifier&gt;vehiclecontrol::defaultTimer&lt;/identifier&gt;
        &lt;rates type=&quot;sto.ClassicPeriodicDiscreteRate&quot; uuid=&quot;4069f4c3-8f8e-4682-93ea-000280a4ae57&quot;&gt;
          &lt;annotation&gt;D1&lt;/annotation&gt;
          &lt;clockId&gt;vehiclecontrol::defaultTimer&lt;/clockId&gt;
          &lt;description&gt;Discrete 1&lt;/description&gt;
          &lt;taskId&gt;_task0&lt;/taskId&gt;
          &lt;rateSpec type=&quot;sto.RateSpec&quot; uuid=&quot;31d1abe6-211b-433b-9c00-cea32280ecb3&quot;&gt;
            &lt;period&gt;.2&lt;/period&gt;
            &lt;rateType&gt;ClassicPeriodicDiscrete&lt;/rateType&gt;
          &lt;/rateSpec&gt;
        &lt;/rates&gt;
        &lt;baseRate type=&quot;sto.ClassicPeriodicDiscreteRate&quot; uuid=&quot;5bf300bc-5708-42a3-9c73-779ddd3d33f1&quot;&gt;
          &lt;annotation&gt;D1&lt;/annotation&gt;
          &lt;clockId&gt;vehiclecontrol::defaultTimer&lt;/clockId&gt;
          &lt;description&gt;Discrete 1&lt;/description&gt;
          &lt;taskId&gt;_task0&lt;/taskId&gt;
          &lt;rateSpec type=&quot;sto.RateSpec&quot; uuid=&quot;fdb2b4d7-1dee-454a-8787-f46f5078b860&quot;&gt;
            &lt;period&gt;.2&lt;/period&gt;
            &lt;rateType&gt;ClassicPeriodicDiscrete&lt;/rateType&gt;
          &lt;/rateSpec&gt;
        &lt;/baseRate&gt;
      &lt;/clocks&gt;
      &lt;clocks type=&quot;sto.Event&quot; uuid=&quot;70ceda34-bbad-4ad9-b72b-b05b03ced9bc&quot;&gt;
        &lt;eventType&gt;PARAMETER_CHANGE_EVENT&lt;/eventType&gt;
        &lt;cNum&gt;1&lt;/cNum&gt;
        &lt;clockType&gt;Event&lt;/clockType&gt;
        &lt;identifier&gt;ParameterChangeEvent&lt;/identifier&gt;
        &lt;rates type=&quot;sto.ModelWideEventRate&quot; uuid=&quot;0a0419bf-cfeb-4c6d-8d00-cf93ef6ee766&quot;&gt;
          &lt;annotation&gt;Inf&lt;/annotation&gt;
          &lt;clockId&gt;ParameterChangeEvent&lt;/clockId&gt;
          &lt;colorIndex&gt;-1&lt;/colorIndex&gt;
          &lt;description&gt;Constant&lt;/description&gt;
          &lt;rateIdx&gt;-1&lt;/rateIdx&gt;
          &lt;taskId&gt;ModelWideParameterChangeEvent&lt;/taskId&gt;
          &lt;useForExecution&gt;NotForExecution&lt;/useForExecution&gt;
          &lt;rateSpec type=&quot;sto.RateSpec&quot; uuid=&quot;c984f0cb-0667-4439-b1bb-d380a3ef54a3&quot;&gt;
            &lt;period&gt;inf&lt;/period&gt;
            &lt;rateType&gt;ModelWideParameterChangeEvent&lt;/rateType&gt;
          &lt;/rateSpec&gt;
        &lt;/rates&gt;
      &lt;/clocks&gt;
      &lt;timeAdvanceMode&gt;FixedStep&lt;/timeAdvanceMode&gt;
    &lt;/clockRegistry&gt;
    &lt;taskRegistry type=&quot;sto.TaskRegistry&quot; uuid=&quot;d52ece9a-dd0e-4c4f-a772-3ee2a77cffe4&quot;&gt;
      &lt;rootTaskHierarchyElements type=&quot;sto.Task&quot; uuid=&quot;f7cd7005-0701-4f73-8936-a7ddc9758d3e&quot;&gt;
        &lt;isExplicit&gt;true&lt;/isExplicit&gt;
        &lt;rates type=&quot;sto.ModelWideEventRate&quot; uuid=&quot;b6099604-793c-4493-80b3-2c573a57f73f&quot;&gt;
          &lt;annotation&gt;Inf&lt;/annotation&gt;
          &lt;clockId&gt;ParameterChangeEvent&lt;/clockId&gt;
          &lt;colorIndex&gt;-1&lt;/colorIndex&gt;
          &lt;description&gt;Constant&lt;/description&gt;
          &lt;rateIdx&gt;-1&lt;/rateIdx&gt;
          &lt;taskId&gt;ModelWideParameterChangeEvent&lt;/taskId&gt;
          &lt;useForExecution&gt;NotForExecution&lt;/useForExecution&gt;
          &lt;rateSpec type=&quot;sto.RateSpec&quot; uuid=&quot;70e1ac31-48ad-4533-aef8-975e0cba4262&quot;&gt;
            &lt;period&gt;inf&lt;/period&gt;
            &lt;rateType&gt;ModelWideParameterChangeEvent&lt;/rateType&gt;
          &lt;/rateSpec&gt;
        &lt;/rates&gt;
        &lt;schedulingClockId&gt;ParameterChangeEvent&lt;/schedulingClockId&gt;
        &lt;timeKeeperClockId&gt;vehiclecontrol::defaultTimer&lt;/timeKeeperClockId&gt;
        &lt;elementType&gt;Task&lt;/elementType&gt;
        &lt;identifier&gt;ModelWideParameterChangeEvent&lt;/identifier&gt;
        &lt;priority&gt;-1&lt;/priority&gt;
      &lt;/rootTaskHierarchyElements&gt;
      &lt;rootTaskHierarchyElements type=&quot;sto.Task&quot; uuid=&quot;cb0e199b-1389-4a16-8a12-99aa4b58cb2d&quot;&gt;
        &lt;isExecutable&gt;true&lt;/isExecutable&gt;
        &lt;orderIndex&gt;1&lt;/orderIndex&gt;
        &lt;rates type=&quot;sto.ClassicPeriodicDiscreteRate&quot; uuid=&quot;b1d43e8a-8791-4414-b898-c74bdd34489a&quot;&gt;
          &lt;annotation&gt;D1&lt;/annotation&gt;
          &lt;clockId&gt;vehiclecontrol::defaultTimer&lt;/clockId&gt;
          &lt;description&gt;Discrete 1&lt;/description&gt;
          &lt;taskId&gt;_task0&lt;/taskId&gt;
          &lt;rateSpec type=&quot;sto.RateSpec&quot; uuid=&quot;6718e2a9-4802-44b9-b961-9d81cfca0141&quot;&gt;
            &lt;period&gt;.2&lt;/period&gt;
            &lt;rateType&gt;ClassicPeriodicDiscrete&lt;/rateType&gt;
          &lt;/rateSpec&gt;
        &lt;/rates&gt;
        &lt;schedulingClockId&gt;vehiclecontrol::defaultTimer&lt;/schedulingClockId&gt;
        &lt;timeKeeperClockId&gt;vehiclecontrol::defaultTimer&lt;/timeKeeperClockId&gt;
        &lt;elementType&gt;Task&lt;/elementType&gt;
        &lt;identifier&gt;_task0&lt;/identifier&gt;
        &lt;priority&gt;40&lt;/priority&gt;
      &lt;/rootTaskHierarchyElements&gt;
      &lt;taskDependencyGraph type=&quot;sto.SerializedTaskConnectionList&quot; uuid=&quot;9bac7221-2cb7-4657-8bf7-16aa0ecdd10e&quot;&gt;
        &lt;clockIdentifier&gt;vehiclecontrol::defaultTimer&lt;/clockIdentifier&gt;
        &lt;taskIdentifier&gt;_task0&lt;/taskIdentifier&gt;
      &lt;/taskDependencyGraph&gt;
      &lt;taskDependencyGraph type=&quot;sto.SerializedTaskConnectionList&quot; uuid=&quot;d5aba268-bfcd-4104-80fe-29c68b4d0f90&quot;&gt;
        &lt;clockIdentifier&gt;ParameterChangeEvent&lt;/clockIdentifier&gt;
        &lt;taskIdentifier&gt;ModelWideParameterChangeEvent&lt;/taskIdentifier&gt;
      &lt;/taskDependencyGraph&gt;
      &lt;taskPriorityDirection&gt;HighNumberLast&lt;/taskPriorityDirection&gt;
    &lt;/taskRegistry&gt;
  &lt;/sto.Registry&gt;
&lt;/slexec_sto&gt;</timingAndTaskingRegistry>
    <zeroInternalMemoryAtStartupUnchecked>true</zeroInternalMemoryAtStartupUnchecked>
    <FMUBlockMap type="ModelRefInfoRepo.FMUBlockInfo" uuid="ce569c78-2c81-4da6-b9e8-c5d5fa44ebf3"/>
    <codeGenInfo type="ModelRefInfoRepo.CodeGenInformation" uuid="0ea18994-69ae-4546-92da-23ca24033b20"/>
    <compiledVariantInfos type="ModelRefInfoRepo.CompiledVariantInfoMap" uuid="2e969d4f-c092-4d15-b2b9-46c06c328896"/>
    <configSettingsForConsistencyChecks type="ModelRefInfoRepo.ConfigSettingsForConsistencyChecks" uuid="a415306a-c21a-4fae-8786-2558d97d4e13">
      <consistentOutportInitialization>true</consistentOutportInitialization>
      <fixedStepSize>.2</fixedStepSize>
      <frameDiagnosticSetting>2</frameDiagnosticSetting>
      <hasHybridSampleTime>true</hasHybridSampleTime>
      <signalLoggingSaveFormat>2</signalLoggingSaveFormat>
      <simSIMDOptimization>1</simSIMDOptimization>
      <solverName>FixedStepDiscrete</solverName>
      <solverType>SOLVER_TYPE_FIXEDSTEP</solverType>
      <hardwareSettings type="ModelRefInfoRepo.HardwareSettings" uuid="1a92a408-12b2-4465-a381-651e991989d7">
        <prodBitPerChar>8</prodBitPerChar>
        <prodBitPerDouble>64</prodBitPerDouble>
        <prodBitPerFloat>32</prodBitPerFloat>
        <prodBitPerInt>32</prodBitPerInt>
        <prodBitPerLong>32</prodBitPerLong>
        <prodBitPerLongLong>64</prodBitPerLongLong>
        <prodBitPerPointer>64</prodBitPerPointer>
        <prodBitPerPtrDiffT>64</prodBitPerPtrDiffT>
        <prodBitPerShort>16</prodBitPerShort>
        <prodBitPerSizeT>64</prodBitPerSizeT>
        <prodEndianess>1</prodEndianess>
        <prodShiftRight>true</prodShiftRight>
        <prodWordSize>64</prodWordSize>
      </hardwareSettings>
    </configSettingsForConsistencyChecks>
    <controllableInputRatesMap type="ModelRefInfoRepo.VarTsUIDMap" uuid="8ab802b7-22c0-4bb9-acba-8d442ce70c14"/>
    <controllableOutputRatesMap type="ModelRefInfoRepo.VarTsUIDMap" uuid="9db86208-f0c9-4454-960c-1e6ad82bb0f0"/>
    <dataPortGroup type="ModelRefInfoRepo.DataPortGroup" uuid="c564a810-26cf-49a4-b046-bde715e4b4e5"/>
    <expFcnUnconnectedDataPortGroup type="ModelRefInfoRepo.DataPortGroup" uuid="1663391b-a74d-436b-8526-3c513f85d3ae"/>
    <interfaceParameterInfo type="ModelRefInfoRepo.InterfaceParameterInfo" uuid="7e3800c3-09a6-4ebc-a97d-3ca24aefe478"/>
    <messageInfo type="ModelRefInfoRepo.MessageInformation" uuid="2e8b00e5-b8e6-42e6-848a-604a9b3d07b8"/>
    <methodInfo type="ModelRefInfoRepo.MethodExistenceInfo" uuid="abc2736d-838a-4edf-b65a-75e890f05eba"/>
    <periodicEventPortUnsupportedBlockInfo type="ModelRefInfoRepo.PeriodicEventPortUnsupportedBlockInfo" uuid="354c1214-49b9-41c2-93fe-ef26f5cf30b8"/>
    <portGroupsRequireSameRate type="ModelRefInfoRepo.PortGroupsRequireSameRate" uuid="777733e3-72aa-48be-9d10-f65a213b7893">
      <DSMPortGroups type="ModelRefInfoRepo.NameToPortGroupIdxVectMap" uuid="c54c98e5-20e8-4108-bbee-7cf47b9796d7"/>
      <GlobalDSMPortGroups type="ModelRefInfoRepo.NameToPortGroupIdxVectMap" uuid="b71e1378-fe9e-40e8-8686-625ac41a23b8"/>
      <mergedPortGroups type="ModelRefInfoRepo.NameToPortGroupIdxVectMap" uuid="8cbb414b-da92-48d6-871e-cab6bc6252bb"/>
    </portGroupsRequireSameRate>
    <rateBasedMdlGlobalDSMRateSpec type="ModelRefInfoRepo.GlobalDSMRateSpecMap" uuid="ff70a0b0-9b0b-4c67-89dd-a39caa937e7a"/>
    <rateSpecOfGlobalDSMAccessedByDescExpFcnMdlMap type="ModelRefInfoRepo.GlobalDSMRateSpecMap" uuid="4bfcd370-6138-48d3-a840-d15c16e73ddc"/>
    <rootBlockDiagramInterface type="ci.Model" uuid="bf6eff63-0feb-4416-8863-2ed7472c0808">
      <p_RootComponentInterface type="ci.ComponentInterface" uuid="1bcf6b1d-e0da-4418-ae40-7776d49121e3">
        <p_Name>vehiclecontrol</p_Name>
        <p_Type>ROOT</p_Type>
      </p_RootComponentInterface>
    </rootBlockDiagramInterface>
    <simulinkFunctions type="ModelRefInfoRepo.SimulinkFunctions" uuid="ea62c13d-24f4-40b1-819c-8d8ed5c66edd">
      <compSimulinkFunctionCatalog></compSimulinkFunctionCatalog>
    </simulinkFunctions>
    <sltpContext type="sltp.mm.core.Context" uuid="0cf08e08-36aa-42b9-b47f-0200f5f92fb7">
      <priorityDirection>HighNumberLast</priorityDirection>
      <defaultEventBehavior type="sltp.mm.core.EventBehavior" uuid="de80c60f-5626-46d9-96aa-379874a0ddb1"/>
      <editorState type="sltp.mm.core.EditorState" uuid="1966e44f-b430-4ef7-a76f-b728b774bf2c">
        <isSynchronized>true</isSynchronized>
        <panelState type="sltp.mm.core.EditorPanelState" uuid="2ca4f695-0ad8-47f2-b840-767f0d689479"/>
      </editorState>
      <rootTask type="sltp.mm.core.Task" uuid="bfbced96-f746-40ce-b9c3-9e10fd7639df">
        <context type="sltp.mm.core.Context" uuid="0cf08e08-36aa-42b9-b47f-0200f5f92fb7"/>
        <explicit>false</explicit>
        <name>Default</name>
        <priority>-2147483648</priority>
        <subgraph type="sltp.mm.core.Graph" uuid="451c9ac9-faa1-498b-8aa7-aeb3f00410c0">
          <tasks type="sltp.mm.core.Task" uuid="ae86c248-8ddb-461f-8520-222ee930e3a3">
            <context type="sltp.mm.core.Context" uuid="0cf08e08-36aa-42b9-b47f-0200f5f92fb7"/>
            <explicit>false</explicit>
            <id>1</id>
            <isTimed>true</isTimed>
            <name>D1</name>
            <priority>40</priority>
            <rates type="sltp.mm.core.Rate" uuid="1a33bd1b-1d20-4148-aeb1-7254c2005345">
              <annotation>D1</annotation>
              <color>-12240129</color>
              <identifier>ClassicPeriodicDiscrete0.20</identifier>
              <rateIndex>0</rateIndex>
              <rateSpec type="sltp.mm.core.RateSpec">
                <period>.2</period>
              </rateSpec>
              <sti>0</sti>
            </rates>
          </tasks>
        </subgraph>
      </rootTask>
    </sltpContext>
    <stateWriterToOwnerMap type="ModelRefInfoRepo.StateWriterInfo" uuid="c30f7c72-e559-4a00-8175-fe28f5fd9c7f"/>
    <stoClientDataRegistry type="sto.ClientDataRegistry" uuid="933068e5-98a5-42e1-a1d4-8126ecbaa43d">
      <dataSets type="sto.ClientClockNamedDataSet" uuid="7f803219-5e3b-4fda-a4eb-da0199c6e0c9">
        <tag>sltpEvents</tag>
      </dataSets>
      <dataSets type="sto.ClientTaskHierarchyElementNamedDataSet" uuid="af9f5216-ac4a-47d5-913e-e1c9a216baf5">
        <tag>sltpTaskGroups</tag>
      </dataSets>
      <dataSets type="sto.ClientTaskHierarchyElementNamedDataSet" uuid="cc6e3f6c-1aae-4cdf-806f-2091403e1354">
        <dSet type="ModelRefInfoRepo.SltpTaskData" uuid="7d619955-b516-494a-8134-bc9781abeb3f"/>
        <tSet type="ModelRefInfoRepo.SltpTaskData" uuid="7d619955-b516-494a-8134-bc9781abeb3f">
          <dataName>D1</dataName>
          <linkedSet type="sto.ClientTaskHierarchyElementNamedDataSet" uuid="cc6e3f6c-1aae-4cdf-806f-2091403e1354"/>
          <id type="sto.TaskHierarchyElementId">
            <clockId>vehiclecontrol::defaultTimer</clockId>
            <id>_task0</id>
          </id>
        </tSet>
        <tag>sltpTasks</tag>
      </dataSets>
    </stoClientDataRegistry>
    <varTsUIDMap type="ModelRefInfoRepo.VarTsUIDMap" uuid="ab421560-6563-435e-91d8-d898a7b8c5c1"/>
  </ModelRefInfoRepo.ModelRefInfoRoot>
</MF0>